id,qr_code_url,machine_id,is_used,created_at
3,qrcodes/qr_3.png,,f,2025-04-22 09:47:06.68687+03
4,qrcodes/qr_4.png,,f,2025-04-22 09:47:06.696486+03
5,qrcodes/qr_5.png,,f,2025-04-22 09:47:06.705677+03
6,qrcodes/qr_6.png,,f,2025-04-22 09:47:06.714751+03
7,qrcodes/qr_7.png,,f,2025-04-22 09:47:06.723612+03
8,qrcodes/qr_8.png,,f,2025-04-22 09:47:06.73251+03
9,qrcodes/qr_9.png,,f,2025-04-22 09:47:06.741949+03
10,qrcodes/qr_10.png,,f,2025-04-22 09:47:06.750922+03
11,qrcodes/qr_11.png,,f,2025-04-22 09:47:06.760037+03
12,qrcodes/qr_12.png,,f,2025-04-22 09:47:06.768866+03
13,qrcodes/qr_13.png,,f,2025-04-22 09:47:06.77783+03
14,qrcodes/qr_14.png,,f,2025-04-22 09:47:06.786664+03
15,qrcodes/qr_15.png,,f,2025-04-22 09:47:06.795589+03
16,qrcodes/qr_16.png,,f,2025-04-22 09:47:06.80459+03
17,qrcodes/qr_17.png,,f,2025-04-22 09:47:06.813273+03
18,qrcodes/qr_18.png,,f,2025-04-22 09:47:06.821757+03
19,qrcodes/qr_19.png,,f,2025-04-22 09:47:06.830415+03
20,qrcodes/qr_20.png,,f,2025-04-22 09:47:06.838801+03
21,qrcodes/qr_21.png,,f,2025-04-22 09:47:06.848608+03
22,qrcodes/qr_22.png,,f,2025-04-22 09:47:06.858653+03
23,qrcodes/qr_23.png,,f,2025-04-22 09:47:06.868354+03
24,qrcodes/qr_24.png,,f,2025-04-22 09:47:06.876868+03
25,qrcodes/qr_25.png,,f,2025-04-22 09:47:06.885401+03
26,qrcodes/qr_26.png,,f,2025-04-22 09:47:06.894158+03
27,qrcodes/qr_27.png,,f,2025-04-22 09:47:06.902783+03
28,qrcodes/qr_28.png,,f,2025-04-22 09:47:06.91154+03
29,qrcodes/qr_29.png,,f,2025-04-22 09:47:06.920409+03
30,qrcodes/qr_30.png,,f,2025-04-22 09:47:06.929411+03
31,qrcodes/qr_31.png,,f,2025-04-22 09:47:06.938114+03
32,qrcodes/qr_32.png,,f,2025-04-22 09:47:06.947235+03
33,qrcodes/qr_33.png,,f,2025-04-22 09:47:06.956542+03
34,qrcodes/qr_34.png,,f,2025-04-22 09:47:06.965136+03
35,qrcodes/qr_35.png,,f,2025-04-22 09:47:06.973883+03
36,qrcodes/qr_36.png,,f,2025-04-22 09:47:06.983308+03
37,qrcodes/qr_37.png,,f,2025-04-22 09:47:06.992108+03
38,qrcodes/qr_38.png,,f,2025-04-22 09:47:07.000747+03
39,qrcodes/qr_39.png,,f,2025-04-22 09:47:07.009481+03
40,qrcodes/qr_40.png,,f,2025-04-22 09:47:07.01834+03
41,qrcodes/qr_41.png,,f,2025-04-22 09:47:07.027024+03
42,qrcodes/qr_42.png,,f,2025-04-22 09:47:07.03603+03
43,qrcodes/qr_43.png,,f,2025-04-22 09:47:07.044902+03
44,qrcodes/qr_44.png,,f,2025-04-22 09:47:07.053748+03
45,qrcodes/qr_45.png,,f,2025-04-22 09:47:07.062205+03
46,qrcodes/qr_46.png,,f,2025-04-22 09:47:07.070863+03
47,qrcodes/qr_47.png,,f,2025-04-22 09:47:07.079444+03
48,qrcodes/qr_48.png,,f,2025-04-22 09:47:07.088154+03
49,qrcodes/qr_49.png,,f,2025-04-22 09:47:07.09678+03
50,qrcodes/qr_50.png,,f,2025-04-22 09:47:07.105449+03
51,qrcodes/qr_51.png,,f,2025-04-22 09:47:07.114471+03
52,qrcodes/qr_52.png,,f,2025-04-22 09:47:07.123186+03
53,qrcodes/qr_53.png,,f,2025-04-22 09:47:07.13193+03
54,qrcodes/qr_54.png,,f,2025-04-22 09:47:07.140702+03
55,qrcodes/qr_55.png,,f,2025-04-22 09:47:07.149508+03
56,qrcodes/qr_56.png,,f,2025-04-22 09:47:07.158465+03
57,qrcodes/qr_57.png,,f,2025-04-22 09:47:07.167545+03
58,qrcodes/qr_58.png,,f,2025-04-22 09:47:07.17739+03
59,qrcodes/qr_59.png,,f,2025-04-22 09:47:07.185723+03
60,qrcodes/qr_60.png,,f,2025-04-22 09:47:07.19441+03
61,qrcodes/qr_61.png,,f,2025-04-22 09:47:07.203782+03
62,qrcodes/qr_62.png,,f,2025-04-22 09:47:07.212616+03
63,qrcodes/qr_63.png,,f,2025-04-22 09:47:07.221258+03
64,qrcodes/qr_64.png,,f,2025-04-22 09:47:07.23027+03
65,qrcodes/qr_65.png,,f,2025-04-22 09:47:07.23961+03
66,qrcodes/qr_66.png,,f,2025-04-22 09:47:07.24975+03
67,qrcodes/qr_67.png,,f,2025-04-22 09:47:07.258479+03
68,qrcodes/qr_68.png,,f,2025-04-22 09:47:07.268428+03
69,qrcodes/qr_69.png,,f,2025-04-22 09:47:07.277555+03
70,qrcodes/qr_70.png,,f,2025-04-22 09:47:07.28685+03
71,qrcodes/qr_71.png,,f,2025-04-22 09:47:07.296672+03
72,qrcodes/qr_72.png,,f,2025-04-22 09:47:07.306566+03
73,qrcodes/qr_73.png,,f,2025-04-22 09:47:07.316339+03
74,qrcodes/qr_74.png,,f,2025-04-22 09:47:07.325121+03
75,qrcodes/qr_75.png,,f,2025-04-22 09:47:07.335283+03
76,qrcodes/qr_76.png,,f,2025-04-22 09:47:07.344623+03
77,qrcodes/qr_77.png,,f,2025-04-22 09:47:07.354475+03
78,qrcodes/qr_78.png,,f,2025-04-22 09:47:07.363951+03
79,qrcodes/qr_79.png,,f,2025-04-22 09:47:07.373018+03
80,qrcodes/qr_80.png,,f,2025-04-22 09:47:07.38314+03
81,qrcodes/qr_81.png,,f,2025-04-22 09:47:07.393591+03
82,qrcodes/qr_82.png,,f,2025-04-22 09:47:07.402868+03
83,qrcodes/qr_83.png,,f,2025-04-22 09:47:07.412107+03
84,qrcodes/qr_84.png,,f,2025-04-22 09:47:07.421275+03
85,qrcodes/qr_85.png,,f,2025-04-22 09:47:07.430773+03
86,qrcodes/qr_86.png,,f,2025-04-22 09:47:07.440189+03
87,qrcodes/qr_87.png,,f,2025-04-22 09:47:07.450214+03
88,qrcodes/qr_88.png,,f,2025-04-22 09:47:07.459609+03
89,qrcodes/qr_89.png,,f,2025-04-22 09:47:07.469735+03
90,qrcodes/qr_90.png,,f,2025-04-22 09:47:07.478919+03
91,qrcodes/qr_91.png,,f,2025-04-22 09:47:07.488363+03
92,qrcodes/qr_92.png,,f,2025-04-22 09:47:07.498429+03
93,qrcodes/qr_93.png,,f,2025-04-22 09:47:07.508161+03
94,qrcodes/qr_94.png,,f,2025-04-22 09:47:07.517231+03
95,qrcodes/qr_95.png,,f,2025-04-22 09:47:07.527261+03
96,qrcodes/qr_96.png,,f,2025-04-22 09:47:07.53728+03
97,qrcodes/qr_97.png,,f,2025-04-22 09:47:07.546028+03
98,qrcodes/qr_98.png,,f,2025-04-22 09:47:07.554853+03
99,qrcodes/qr_99.png,,f,2025-04-22 09:47:07.563883+03
100,qrcodes/qr_100.png,,f,2025-04-22 09:47:07.572877+03
101,qrcodes/qr_101.png,,f,2025-04-22 09:47:07.581736+03
102,qrcodes/qr_102.png,,f,2025-04-22 09:47:07.590731+03
103,qrcodes/qr_103.png,,f,2025-04-22 09:47:07.600122+03
104,qrcodes/qr_104.png,,f,2025-04-22 09:47:07.60953+03
105,qrcodes/qr_105.png,,f,2025-04-22 09:47:07.617926+03
106,qrcodes/qr_106.png,,f,2025-04-22 09:47:07.626934+03
107,qrcodes/qr_107.png,,f,2025-04-22 09:47:07.635726+03
108,qrcodes/qr_108.png,,f,2025-04-22 09:47:07.644256+03
109,qrcodes/qr_109.png,,f,2025-04-22 09:47:07.653028+03
110,qrcodes/qr_110.png,,f,2025-04-22 09:47:07.662075+03
111,qrcodes/qr_111.png,,f,2025-04-22 09:47:07.670865+03
112,qrcodes/qr_112.png,,f,2025-04-22 09:47:07.680182+03
113,qrcodes/qr_113.png,,f,2025-04-22 09:47:07.68912+03
114,qrcodes/qr_114.png,,f,2025-04-22 09:47:07.69801+03
115,qrcodes/qr_115.png,,f,2025-04-22 09:47:07.707099+03
116,qrcodes/qr_116.png,,f,2025-04-22 09:47:07.715997+03
117,qrcodes/qr_117.png,,f,2025-04-22 09:47:07.72457+03
118,qrcodes/qr_118.png,,f,2025-04-22 09:47:07.73351+03
119,qrcodes/qr_119.png,,f,2025-04-22 09:47:07.743331+03
120,qrcodes/qr_120.png,,f,2025-04-22 09:47:07.752054+03
121,qrcodes/qr_121.png,,f,2025-04-22 09:47:07.761173+03
122,qrcodes/qr_122.png,,f,2025-04-22 09:47:07.773506+03
123,qrcodes/qr_123.png,,f,2025-04-22 09:47:07.786763+03
124,qrcodes/qr_124.png,,f,2025-04-22 09:47:07.798754+03
125,qrcodes/qr_125.png,,f,2025-04-22 09:47:07.807427+03
126,qrcodes/qr_126.png,,f,2025-04-22 09:47:07.817276+03
127,qrcodes/qr_127.png,,f,2025-04-22 09:47:07.827589+03
128,qrcodes/qr_128.png,,f,2025-04-22 09:47:07.837737+03
129,qrcodes/qr_129.png,,f,2025-04-22 09:47:07.846482+03
130,qrcodes/qr_130.png,,f,2025-04-22 09:47:07.85575+03
131,qrcodes/qr_131.png,,f,2025-04-22 09:47:07.864813+03
132,qrcodes/qr_132.png,,f,2025-04-22 09:47:07.873446+03
133,qrcodes/qr_133.png,,f,2025-04-22 09:47:07.882563+03
134,qrcodes/qr_134.png,,f,2025-04-22 09:47:07.891516+03
135,qrcodes/qr_135.png,,f,2025-04-22 09:47:07.89995+03
136,qrcodes/qr_136.png,,f,2025-04-22 09:47:07.909176+03
137,qrcodes/qr_137.png,,f,2025-04-22 09:47:07.9179+03
138,qrcodes/qr_138.png,,f,2025-04-22 09:47:07.927193+03
139,qrcodes/qr_139.png,,f,2025-04-22 09:47:07.936349+03
140,qrcodes/qr_140.png,,f,2025-04-22 09:47:07.944777+03
141,qrcodes/qr_141.png,,f,2025-04-22 09:47:07.953434+03
142,qrcodes/qr_142.png,,f,2025-04-22 09:47:07.962524+03
143,qrcodes/qr_143.png,,f,2025-04-22 09:47:07.971407+03
144,qrcodes/qr_144.png,,f,2025-04-22 09:47:07.979974+03
145,qrcodes/qr_145.png,,f,2025-04-22 09:47:07.989159+03
146,qrcodes/qr_146.png,,f,2025-04-22 09:47:07.998158+03
147,qrcodes/qr_147.png,,f,2025-04-22 09:47:08.006585+03
148,qrcodes/qr_148.png,,f,2025-04-22 09:47:08.015516+03
149,qrcodes/qr_149.png,,f,2025-04-22 09:47:08.024219+03
150,qrcodes/qr_150.png,,f,2025-04-22 09:47:08.03379+03
151,qrcodes/qr_151.png,,f,2025-04-22 09:47:08.045601+03
152,qrcodes/qr_152.png,,f,2025-04-22 09:47:08.055927+03
153,qrcodes/qr_153.png,,f,2025-04-22 09:47:08.064844+03
154,qrcodes/qr_154.png,,f,2025-04-22 09:47:08.07348+03
155,qrcodes/qr_155.png,,f,2025-04-22 09:47:08.082941+03
156,qrcodes/qr_156.png,,f,2025-04-22 09:47:08.091865+03
157,qrcodes/qr_157.png,,f,2025-04-22 09:47:08.10037+03
158,qrcodes/qr_158.png,,f,2025-04-22 09:47:08.109326+03
159,qrcodes/qr_159.png,,f,2025-04-22 09:47:08.117875+03
160,qrcodes/qr_160.png,,f,2025-04-22 09:47:08.126504+03
161,qrcodes/qr_161.png,,f,2025-04-22 09:47:08.135741+03
162,qrcodes/qr_162.png,,f,2025-04-22 09:47:08.144596+03
163,qrcodes/qr_163.png,,f,2025-04-22 09:47:08.153654+03
164,qrcodes/qr_164.png,,f,2025-04-22 09:47:08.162678+03
165,qrcodes/qr_165.png,,f,2025-04-22 09:47:08.17134+03
166,qrcodes/qr_166.png,,f,2025-04-22 09:47:08.179753+03
167,qrcodes/qr_167.png,,f,2025-04-22 09:47:08.188687+03
168,qrcodes/qr_168.png,,f,2025-04-22 09:47:08.198081+03
169,qrcodes/qr_169.png,,f,2025-04-22 09:47:08.206394+03
170,qrcodes/qr_170.png,,f,2025-04-22 09:47:08.215458+03
171,qrcodes/qr_171.png,,f,2025-04-22 09:47:08.224103+03
172,qrcodes/qr_172.png,,f,2025-04-22 09:47:08.232468+03
173,qrcodes/qr_173.png,,f,2025-04-22 09:47:08.241572+03
174,qrcodes/qr_174.png,,f,2025-04-22 09:47:08.25059+03
175,qrcodes/qr_175.png,,f,2025-04-22 09:47:08.259352+03
176,qrcodes/qr_176.png,,f,2025-04-22 09:47:08.268287+03
177,qrcodes/qr_177.png,,f,2025-04-22 09:47:08.277398+03
178,qrcodes/qr_178.png,,f,2025-04-22 09:47:08.285846+03
179,qrcodes/qr_179.png,,f,2025-04-22 09:47:08.295181+03
180,qrcodes/qr_180.png,,f,2025-04-22 09:47:08.304035+03
181,qrcodes/qr_181.png,,f,2025-04-22 09:47:08.312796+03
182,qrcodes/qr_182.png,,f,2025-04-22 09:47:08.321994+03
183,qrcodes/qr_183.png,,f,2025-04-22 09:47:08.33066+03
184,qrcodes/qr_184.png,,f,2025-04-22 09:47:08.339115+03
185,qrcodes/qr_185.png,,f,2025-04-22 09:47:08.34801+03
186,qrcodes/qr_186.png,,f,2025-04-22 09:47:08.356808+03
187,qrcodes/qr_187.png,,f,2025-04-22 09:47:08.365386+03
188,qrcodes/qr_188.png,,f,2025-04-22 09:47:08.374712+03
189,qrcodes/qr_189.png,,f,2025-04-22 09:47:08.383848+03
190,qrcodes/qr_190.png,,f,2025-04-22 09:47:08.392183+03
191,qrcodes/qr_191.png,,f,2025-04-22 09:47:08.40147+03
192,qrcodes/qr_192.png,,f,2025-04-22 09:47:08.410329+03
193,qrcodes/qr_193.png,,f,2025-04-22 09:47:08.41899+03
194,qrcodes/qr_194.png,,f,2025-04-22 09:47:08.428623+03
195,qrcodes/qr_195.png,,f,2025-04-22 09:47:08.437082+03
196,qrcodes/qr_196.png,,f,2025-04-22 09:47:08.446339+03
197,qrcodes/qr_197.png,,f,2025-04-22 09:47:08.455296+03
198,qrcodes/qr_198.png,,f,2025-04-22 09:47:08.464096+03
199,qrcodes/qr_199.png,,f,2025-04-22 09:47:08.472913+03
200,qrcodes/qr_200.png,,f,2025-04-22 09:47:08.482235+03
201,qrcodes/qr_201.png,,f,2025-04-22 09:47:08.491118+03
202,qrcodes/qr_202.png,,f,2025-04-22 09:47:08.499699+03
203,qrcodes/qr_203.png,,f,2025-04-22 09:47:08.508958+03
204,qrcodes/qr_204.png,,f,2025-04-22 09:47:08.517658+03
205,qrcodes/qr_205.png,,f,2025-04-22 09:47:08.526573+03
206,qrcodes/qr_206.png,,f,2025-04-22 09:47:08.536277+03
207,qrcodes/qr_207.png,,f,2025-04-22 09:47:08.545191+03
208,qrcodes/qr_208.png,,f,2025-04-22 09:47:08.555699+03
209,qrcodes/qr_209.png,,f,2025-04-22 09:47:08.566917+03
210,qrcodes/qr_210.png,,f,2025-04-22 09:47:08.57894+03
211,qrcodes/qr_211.png,,f,2025-04-22 09:47:08.588158+03
212,qrcodes/qr_212.png,,f,2025-04-22 09:47:08.596991+03
213,qrcodes/qr_213.png,,f,2025-04-22 09:47:08.605353+03
214,qrcodes/qr_214.png,,f,2025-04-22 09:47:08.614396+03
215,qrcodes/qr_215.png,,f,2025-04-22 09:47:08.622985+03
216,qrcodes/qr_216.png,,f,2025-04-22 09:47:08.63174+03
217,qrcodes/qr_217.png,,f,2025-04-22 09:47:08.640652+03
218,qrcodes/qr_218.png,,f,2025-04-22 09:47:08.649464+03
219,qrcodes/qr_219.png,,f,2025-04-22 09:47:08.658092+03
220,qrcodes/qr_220.png,,f,2025-04-22 09:47:08.666518+03
221,qrcodes/qr_221.png,,f,2025-04-22 09:47:08.675799+03
222,qrcodes/qr_222.png,,f,2025-04-22 09:47:08.684558+03
223,qrcodes/qr_223.png,,f,2025-04-22 09:47:08.693251+03
224,qrcodes/qr_224.png,,f,2025-04-22 09:47:08.701838+03
225,qrcodes/qr_225.png,,f,2025-04-22 09:47:08.710744+03
226,qrcodes/qr_226.png,,f,2025-04-22 09:47:08.719375+03
227,qrcodes/qr_227.png,,f,2025-04-22 09:47:08.728005+03
228,qrcodes/qr_228.png,,f,2025-04-22 09:47:08.73744+03
229,qrcodes/qr_229.png,,f,2025-04-22 09:47:08.746959+03
230,qrcodes/qr_230.png,,f,2025-04-22 09:47:08.757074+03
231,qrcodes/qr_231.png,,f,2025-04-22 09:47:08.765939+03
232,qrcodes/qr_232.png,,f,2025-04-22 09:47:08.774469+03
233,qrcodes/qr_233.png,,f,2025-04-22 09:47:08.783503+03
234,qrcodes/qr_234.png,,f,2025-04-22 09:47:08.791991+03
235,qrcodes/qr_235.png,,f,2025-04-22 09:47:08.800847+03
236,qrcodes/qr_236.png,,f,2025-04-22 09:47:08.809963+03
237,qrcodes/qr_237.png,,f,2025-04-22 09:47:08.818495+03
238,qrcodes/qr_238.png,,f,2025-04-22 09:47:08.827554+03
239,qrcodes/qr_239.png,,f,2025-04-22 09:47:08.836187+03
240,qrcodes/qr_240.png,,f,2025-04-22 09:47:08.844694+03
241,qrcodes/qr_241.png,,f,2025-04-22 09:47:08.853568+03
242,qrcodes/qr_242.png,,f,2025-04-22 09:47:08.862777+03
243,qrcodes/qr_243.png,,f,2025-04-22 09:47:08.871263+03
244,qrcodes/qr_244.png,,f,2025-04-22 09:47:08.880922+03
245,qrcodes/qr_245.png,,f,2025-04-22 09:47:08.890652+03
246,qrcodes/qr_246.png,,f,2025-04-22 09:47:08.899339+03
247,qrcodes/qr_247.png,,f,2025-04-22 09:47:08.909059+03
248,qrcodes/qr_248.png,,f,2025-04-22 09:47:08.920158+03
249,qrcodes/qr_249.png,,f,2025-04-22 09:47:08.930362+03
250,qrcodes/qr_250.png,,f,2025-04-22 09:47:08.940689+03
251,qrcodes/qr_251.png,,f,2025-04-22 09:47:08.952583+03
252,qrcodes/qr_252.png,,f,2025-04-22 09:47:08.962108+03
253,qrcodes/qr_253.png,,f,2025-04-22 09:47:08.970925+03
254,qrcodes/qr_254.png,,f,2025-04-22 09:47:08.979389+03
255,qrcodes/qr_255.png,,f,2025-04-22 09:47:08.988409+03
256,qrcodes/qr_256.png,,f,2025-04-22 09:47:08.997362+03
257,qrcodes/qr_257.png,,f,2025-04-22 09:47:09.005607+03
258,qrcodes/qr_258.png,,f,2025-04-22 09:47:09.014401+03
259,qrcodes/qr_259.png,,f,2025-04-22 09:47:09.023305+03
260,qrcodes/qr_260.png,,f,2025-04-22 09:47:09.031816+03
261,qrcodes/qr_261.png,,f,2025-04-22 09:47:09.040883+03
262,qrcodes/qr_262.png,,f,2025-04-22 09:47:09.049674+03
263,qrcodes/qr_263.png,,f,2025-04-22 09:47:09.058206+03
264,qrcodes/qr_264.png,,f,2025-04-22 09:47:09.066858+03
265,qrcodes/qr_265.png,,f,2025-04-22 09:47:09.076572+03
266,qrcodes/qr_266.png,,f,2025-04-22 09:47:09.085363+03
267,qrcodes/qr_267.png,,f,2025-04-22 09:47:09.094278+03
268,qrcodes/qr_268.png,,f,2025-04-22 09:47:09.102885+03
269,qrcodes/qr_269.png,,f,2025-04-22 09:47:09.111775+03
270,qrcodes/qr_270.png,,f,2025-04-22 09:47:09.122627+03
271,qrcodes/qr_271.png,,f,2025-04-22 09:47:09.137338+03
272,qrcodes/qr_272.png,,f,2025-04-22 09:47:09.146859+03
273,qrcodes/qr_273.png,,f,2025-04-22 09:47:09.158356+03
274,qrcodes/qr_274.png,,f,2025-04-22 09:47:09.168487+03
275,qrcodes/qr_275.png,,f,2025-04-22 09:47:09.178435+03
276,qrcodes/qr_276.png,,f,2025-04-22 09:47:09.188144+03
277,qrcodes/qr_277.png,,f,2025-04-22 09:47:09.197788+03
278,qrcodes/qr_278.png,,f,2025-04-22 09:47:09.207104+03
279,qrcodes/qr_279.png,,f,2025-04-22 09:47:09.217326+03
280,qrcodes/qr_280.png,,f,2025-04-22 09:47:09.226201+03
281,qrcodes/qr_281.png,,f,2025-04-22 09:47:09.236189+03
282,qrcodes/qr_282.png,,f,2025-04-22 09:47:09.245267+03
283,qrcodes/qr_283.png,,f,2025-04-22 09:47:09.253954+03
284,qrcodes/qr_284.png,,f,2025-04-22 09:47:09.263743+03
285,qrcodes/qr_285.png,,f,2025-04-22 09:47:09.27272+03
286,qrcodes/qr_286.png,,f,2025-04-22 09:47:09.283243+03
287,qrcodes/qr_287.png,,f,2025-04-22 09:47:09.292698+03
288,qrcodes/qr_288.png,,f,2025-04-22 09:47:09.301823+03
289,qrcodes/qr_289.png,,f,2025-04-22 09:47:09.31175+03
290,qrcodes/qr_290.png,,f,2025-04-22 09:47:09.321201+03
291,qrcodes/qr_291.png,,f,2025-04-22 09:47:09.330639+03
292,qrcodes/qr_292.png,,f,2025-04-22 09:47:09.339484+03
293,qrcodes/qr_293.png,,f,2025-04-22 09:47:09.34926+03
294,qrcodes/qr_294.png,,f,2025-04-22 09:47:09.358426+03
295,qrcodes/qr_295.png,,f,2025-04-22 09:47:09.366948+03
296,qrcodes/qr_296.png,,f,2025-04-22 09:47:09.376241+03
297,qrcodes/qr_297.png,,f,2025-04-22 09:47:09.385296+03
298,qrcodes/qr_298.png,,f,2025-04-22 09:47:09.394087+03
299,qrcodes/qr_299.png,,f,2025-04-22 09:47:09.403653+03
300,qrcodes/qr_300.png,,f,2025-04-22 09:47:09.41321+03
301,qrcodes/qr_301.png,,f,2025-04-22 09:47:09.422149+03
302,qrcodes/qr_302.png,,f,2025-04-22 09:47:09.431235+03
303,qrcodes/qr_303.png,,f,2025-04-22 09:47:09.44096+03
304,qrcodes/qr_304.png,,f,2025-04-22 09:47:09.450877+03
305,qrcodes/qr_305.png,,f,2025-04-22 09:47:09.460214+03
306,qrcodes/qr_306.png,,f,2025-04-22 09:47:09.47052+03
307,qrcodes/qr_307.png,,f,2025-04-22 09:47:09.479609+03
308,qrcodes/qr_308.png,,f,2025-04-22 09:47:09.48947+03
309,qrcodes/qr_309.png,,f,2025-04-22 09:47:09.49903+03
310,qrcodes/qr_310.png,,f,2025-04-22 09:47:09.509188+03
311,qrcodes/qr_311.png,,f,2025-04-22 09:47:09.51869+03
312,qrcodes/qr_312.png,,f,2025-04-22 09:47:09.527906+03
313,qrcodes/qr_313.png,,f,2025-04-22 09:47:09.538452+03
314,qrcodes/qr_314.png,,f,2025-04-22 09:47:09.547853+03
315,qrcodes/qr_315.png,,f,2025-04-22 09:47:09.557054+03
316,qrcodes/qr_316.png,,f,2025-04-22 09:47:09.565805+03
317,qrcodes/qr_317.png,,f,2025-04-22 09:47:09.575953+03
318,qrcodes/qr_318.png,,f,2025-04-22 09:47:09.585208+03
319,qrcodes/qr_319.png,,f,2025-04-22 09:47:09.594094+03
320,qrcodes/qr_320.png,,f,2025-04-22 09:47:09.603434+03
321,qrcodes/qr_321.png,,f,2025-04-22 09:47:09.612627+03
322,qrcodes/qr_322.png,,f,2025-04-22 09:47:09.621736+03
323,qrcodes/qr_323.png,,f,2025-04-22 09:47:09.632105+03
324,qrcodes/qr_324.png,,f,2025-04-22 09:47:09.641395+03
325,qrcodes/qr_325.png,,f,2025-04-22 09:47:09.650481+03
326,qrcodes/qr_326.png,,f,2025-04-22 09:47:09.65905+03
327,qrcodes/qr_327.png,,f,2025-04-22 09:47:09.667907+03
328,qrcodes/qr_328.png,,f,2025-04-22 09:47:09.67676+03
329,qrcodes/qr_329.png,,f,2025-04-22 09:47:09.685148+03
330,qrcodes/qr_330.png,,f,2025-04-22 09:47:09.694201+03
331,qrcodes/qr_331.png,,f,2025-04-22 09:47:09.703282+03
332,qrcodes/qr_332.png,,f,2025-04-22 09:47:09.711849+03
333,qrcodes/qr_333.png,,f,2025-04-22 09:47:09.720904+03
334,qrcodes/qr_334.png,,f,2025-04-22 09:47:09.730069+03
335,qrcodes/qr_335.png,,f,2025-04-22 09:47:09.738973+03
336,qrcodes/qr_336.png,,f,2025-04-22 09:47:09.75017+03
337,qrcodes/qr_337.png,,f,2025-04-22 09:47:09.759797+03
338,qrcodes/qr_338.png,,f,2025-04-22 09:47:09.770481+03
339,qrcodes/qr_339.png,,f,2025-04-22 09:47:09.785388+03
340,qrcodes/qr_340.png,,f,2025-04-22 09:47:09.803732+03
341,qrcodes/qr_341.png,,f,2025-04-22 09:47:09.817197+03
342,qrcodes/qr_342.png,,f,2025-04-22 09:47:09.826776+03
343,qrcodes/qr_343.png,,f,2025-04-22 09:47:09.835434+03
344,qrcodes/qr_344.png,,f,2025-04-22 09:47:09.844597+03
345,qrcodes/qr_345.png,,f,2025-04-22 09:47:09.854106+03
346,qrcodes/qr_346.png,,f,2025-04-22 09:47:09.863745+03
347,qrcodes/qr_347.png,,f,2025-04-22 09:47:09.872306+03
348,qrcodes/qr_348.png,,f,2025-04-22 09:47:09.881374+03
349,qrcodes/qr_349.png,,f,2025-04-22 09:47:09.890009+03
350,qrcodes/qr_350.png,,f,2025-04-22 09:47:09.899106+03
351,qrcodes/qr_351.png,,f,2025-04-22 09:47:09.908009+03
352,qrcodes/qr_352.png,,f,2025-04-22 09:47:09.917145+03
353,qrcodes/qr_353.png,,f,2025-04-22 09:47:09.925556+03
354,qrcodes/qr_354.png,,f,2025-04-22 09:47:09.934474+03
355,qrcodes/qr_355.png,,f,2025-04-22 09:47:09.94316+03
356,qrcodes/qr_356.png,,f,2025-04-22 09:47:09.951977+03
357,qrcodes/qr_357.png,,f,2025-04-22 09:47:09.961758+03
358,qrcodes/qr_358.png,,f,2025-04-22 09:47:09.971162+03
359,qrcodes/qr_359.png,,f,2025-04-22 09:47:09.979794+03
360,qrcodes/qr_360.png,,f,2025-04-22 09:47:09.990014+03
361,qrcodes/qr_361.png,,f,2025-04-22 09:47:09.999185+03
362,qrcodes/qr_362.png,,f,2025-04-22 09:47:10.008652+03
363,qrcodes/qr_363.png,,f,2025-04-22 09:47:10.01891+03
364,qrcodes/qr_364.png,,f,2025-04-22 09:47:10.029405+03
365,qrcodes/qr_365.png,,f,2025-04-22 09:47:10.039599+03
366,qrcodes/qr_366.png,,f,2025-04-22 09:47:10.050215+03
367,qrcodes/qr_367.png,,f,2025-04-22 09:47:10.060075+03
368,qrcodes/qr_368.png,,f,2025-04-22 09:47:10.07019+03
369,qrcodes/qr_369.png,,f,2025-04-22 09:47:10.078865+03
370,qrcodes/qr_370.png,,f,2025-04-22 09:47:10.08827+03
371,qrcodes/qr_371.png,,f,2025-04-22 09:47:10.098202+03
372,qrcodes/qr_372.png,,f,2025-04-22 09:47:10.107492+03
373,qrcodes/qr_373.png,,f,2025-04-22 09:47:10.118316+03
374,qrcodes/qr_374.png,,f,2025-04-22 09:47:10.127095+03
375,qrcodes/qr_375.png,,f,2025-04-22 09:47:10.138025+03
376,qrcodes/qr_376.png,,f,2025-04-22 09:47:10.147623+03
377,qrcodes/qr_377.png,,f,2025-04-22 09:47:10.156843+03
378,qrcodes/qr_378.png,,f,2025-04-22 09:47:10.165486+03
379,qrcodes/qr_379.png,,f,2025-04-22 09:47:10.174497+03
380,qrcodes/qr_380.png,,f,2025-04-22 09:47:10.183435+03
381,qrcodes/qr_381.png,,f,2025-04-22 09:47:10.192263+03
382,qrcodes/qr_382.png,,f,2025-04-22 09:47:10.201678+03
383,qrcodes/qr_383.png,,f,2025-04-22 09:47:10.211174+03
384,qrcodes/qr_384.png,,f,2025-04-22 09:47:10.219443+03
385,qrcodes/qr_385.png,,f,2025-04-22 09:47:10.228786+03
386,qrcodes/qr_386.png,,f,2025-04-22 09:47:10.237651+03
387,qrcodes/qr_387.png,,f,2025-04-22 09:47:10.24642+03
388,qrcodes/qr_388.png,,f,2025-04-22 09:47:10.255728+03
389,qrcodes/qr_389.png,,f,2025-04-22 09:47:10.26498+03
390,qrcodes/qr_390.png,,f,2025-04-22 09:47:10.273583+03
391,qrcodes/qr_391.png,,f,2025-04-22 09:47:10.282981+03
392,qrcodes/qr_392.png,,f,2025-04-22 09:47:10.291755+03
393,qrcodes/qr_393.png,,f,2025-04-22 09:47:10.300403+03
394,qrcodes/qr_394.png,,f,2025-04-22 09:47:10.3096+03
395,qrcodes/qr_395.png,,f,2025-04-22 09:47:10.318553+03
396,qrcodes/qr_396.png,,f,2025-04-22 09:47:10.327315+03
397,qrcodes/qr_397.png,,f,2025-04-22 09:47:10.337184+03
398,qrcodes/qr_398.png,,f,2025-04-22 09:47:10.345825+03
399,qrcodes/qr_399.png,,f,2025-04-22 09:47:10.35495+03
400,qrcodes/qr_400.png,,f,2025-04-22 09:47:10.364039+03
401,qrcodes/qr_401.png,,f,2025-04-22 09:47:10.373274+03
402,qrcodes/qr_402.png,,f,2025-04-22 09:47:10.382107+03
403,qrcodes/qr_403.png,,f,2025-04-22 09:47:10.391182+03
404,qrcodes/qr_404.png,,f,2025-04-22 09:47:10.400066+03
405,qrcodes/qr_405.png,,f,2025-04-22 09:47:10.409109+03
406,qrcodes/qr_406.png,,f,2025-04-22 09:47:10.418131+03
407,qrcodes/qr_407.png,,f,2025-04-22 09:47:10.427194+03
408,qrcodes/qr_408.png,,f,2025-04-22 09:47:10.436224+03
409,qrcodes/qr_409.png,,f,2025-04-22 09:47:10.445327+03
410,qrcodes/qr_410.png,,f,2025-04-22 09:47:10.4544+03
411,qrcodes/qr_411.png,,f,2025-04-22 09:47:10.464887+03
412,qrcodes/qr_412.png,,f,2025-04-22 09:47:10.473298+03
413,qrcodes/qr_413.png,,f,2025-04-22 09:47:10.482576+03
414,qrcodes/qr_414.png,,f,2025-04-22 09:47:10.491595+03
415,qrcodes/qr_415.png,,f,2025-04-22 09:47:10.500334+03
416,qrcodes/qr_416.png,,f,2025-04-22 09:47:10.509838+03
417,qrcodes/qr_417.png,,f,2025-04-22 09:47:10.518719+03
418,qrcodes/qr_418.png,,f,2025-04-22 09:47:10.528211+03
419,qrcodes/qr_419.png,,f,2025-04-22 09:47:10.537087+03
420,qrcodes/qr_420.png,,f,2025-04-22 09:47:10.545874+03
421,qrcodes/qr_421.png,,f,2025-04-22 09:47:10.554777+03
422,qrcodes/qr_422.png,,f,2025-04-22 09:47:10.564224+03
423,qrcodes/qr_423.png,,f,2025-04-22 09:47:10.577051+03
424,qrcodes/qr_424.png,,f,2025-04-22 09:47:10.589853+03
425,qrcodes/qr_425.png,,f,2025-04-22 09:47:10.600348+03
426,qrcodes/qr_426.png,,f,2025-04-22 09:47:10.609361+03
427,qrcodes/qr_427.png,,f,2025-04-22 09:47:10.618364+03
428,qrcodes/qr_428.png,,f,2025-04-22 09:47:10.627611+03
429,qrcodes/qr_429.png,,f,2025-04-22 09:47:10.636887+03
430,qrcodes/qr_430.png,,f,2025-04-22 09:47:10.645365+03
431,qrcodes/qr_431.png,,f,2025-04-22 09:47:10.654265+03
432,qrcodes/qr_432.png,,f,2025-04-22 09:47:10.664169+03
433,qrcodes/qr_433.png,,f,2025-04-22 09:47:10.675061+03
434,qrcodes/qr_434.png,,f,2025-04-22 09:47:10.686157+03
435,qrcodes/qr_435.png,,f,2025-04-22 09:47:10.695222+03
436,qrcodes/qr_436.png,,f,2025-04-22 09:47:10.704342+03
437,qrcodes/qr_437.png,,f,2025-04-22 09:47:10.712853+03
438,qrcodes/qr_438.png,,f,2025-04-22 09:47:10.721642+03
439,qrcodes/qr_439.png,,f,2025-04-22 09:47:10.730684+03
440,qrcodes/qr_440.png,,f,2025-04-22 09:47:10.739058+03
441,qrcodes/qr_441.png,,f,2025-04-22 09:47:10.748937+03
442,qrcodes/qr_442.png,,f,2025-04-22 09:47:10.757922+03
443,qrcodes/qr_443.png,,f,2025-04-22 09:47:10.766125+03
444,qrcodes/qr_444.png,,f,2025-04-22 09:47:10.775334+03
445,qrcodes/qr_445.png,,f,2025-04-22 09:47:10.784301+03
446,qrcodes/qr_446.png,,f,2025-04-22 09:47:10.793072+03
447,qrcodes/qr_447.png,,f,2025-04-22 09:47:10.802339+03
448,qrcodes/qr_448.png,,f,2025-04-22 09:47:10.812861+03
449,qrcodes/qr_449.png,,f,2025-04-22 09:47:10.823352+03
450,qrcodes/qr_450.png,,f,2025-04-22 09:47:10.832345+03
451,qrcodes/qr_451.png,,f,2025-04-22 09:47:10.841348+03
452,qrcodes/qr_452.png,,f,2025-04-22 09:47:10.851046+03
453,qrcodes/qr_453.png,,f,2025-04-22 09:47:10.859302+03
454,qrcodes/qr_454.png,,f,2025-04-22 09:47:10.868838+03
455,qrcodes/qr_455.png,,f,2025-04-22 09:47:10.877872+03
456,qrcodes/qr_456.png,,f,2025-04-22 09:47:10.887187+03
457,qrcodes/qr_457.png,,f,2025-04-22 09:47:10.896374+03
458,qrcodes/qr_458.png,,f,2025-04-22 09:47:10.905245+03
459,qrcodes/qr_459.png,,f,2025-04-22 09:47:10.913925+03
460,qrcodes/qr_460.png,,f,2025-04-22 09:47:10.923292+03
461,qrcodes/qr_461.png,,f,2025-04-22 09:47:10.932863+03
462,qrcodes/qr_462.png,,f,2025-04-22 09:47:10.941689+03
463,qrcodes/qr_463.png,,f,2025-04-22 09:47:10.95178+03
464,qrcodes/qr_464.png,,f,2025-04-22 09:47:10.960854+03
465,qrcodes/qr_465.png,,f,2025-04-22 09:47:10.969538+03
466,qrcodes/qr_466.png,,f,2025-04-22 09:47:10.978612+03
467,qrcodes/qr_467.png,,f,2025-04-22 09:47:10.987346+03
468,qrcodes/qr_468.png,,f,2025-04-22 09:47:10.996521+03
469,qrcodes/qr_469.png,,f,2025-04-22 09:47:11.005233+03
470,qrcodes/qr_470.png,,f,2025-04-22 09:47:11.013773+03
471,qrcodes/qr_471.png,,f,2025-04-22 09:47:11.022728+03
472,qrcodes/qr_472.png,,f,2025-04-22 09:47:11.031599+03
473,qrcodes/qr_473.png,,f,2025-04-22 09:47:11.040994+03
474,qrcodes/qr_474.png,,f,2025-04-22 09:47:11.050244+03
475,qrcodes/qr_475.png,,f,2025-04-22 09:47:11.058699+03
476,qrcodes/qr_476.png,,f,2025-04-22 09:47:11.067504+03
477,qrcodes/qr_477.png,,f,2025-04-22 09:47:11.076783+03
478,qrcodes/qr_478.png,,f,2025-04-22 09:47:11.085612+03
479,qrcodes/qr_479.png,,f,2025-04-22 09:47:11.094251+03
480,qrcodes/qr_480.png,,f,2025-04-22 09:47:11.103618+03
481,qrcodes/qr_481.png,,f,2025-04-22 09:47:11.112068+03
482,qrcodes/qr_482.png,,f,2025-04-22 09:47:11.121568+03
483,qrcodes/qr_483.png,,f,2025-04-22 09:47:11.13076+03
484,qrcodes/qr_484.png,,f,2025-04-22 09:47:11.139422+03
485,qrcodes/qr_485.png,,f,2025-04-22 09:47:11.148401+03
486,qrcodes/qr_486.png,,f,2025-04-22 09:47:11.157361+03
487,qrcodes/qr_487.png,,f,2025-04-22 09:47:11.16572+03
488,qrcodes/qr_488.png,,f,2025-04-22 09:47:11.174558+03
489,qrcodes/qr_489.png,,f,2025-04-22 09:47:11.183553+03
490,qrcodes/qr_490.png,,f,2025-04-22 09:47:11.192151+03
491,qrcodes/qr_491.png,,f,2025-04-22 09:47:11.2012+03
492,qrcodes/qr_492.png,,f,2025-04-22 09:47:11.210257+03
493,qrcodes/qr_493.png,,f,2025-04-22 09:47:11.218857+03
494,qrcodes/qr_494.png,,f,2025-04-22 09:47:11.227735+03
495,qrcodes/qr_495.png,,f,2025-04-22 09:47:11.236237+03
496,qrcodes/qr_496.png,,f,2025-04-22 09:47:11.245304+03
497,qrcodes/qr_497.png,,f,2025-04-22 09:47:11.254373+03
498,qrcodes/qr_498.png,,f,2025-04-22 09:47:11.263716+03
499,qrcodes/qr_499.png,,f,2025-04-22 09:47:11.272514+03
500,qrcodes/qr_500.png,,f,2025-04-22 09:47:11.281617+03
501,qrcodes/qr_501.png,,f,2025-04-22 09:47:11.291011+03
502,qrcodes/qr_502.png,,f,2025-04-22 09:47:11.299362+03
503,qrcodes/qr_503.png,,f,2025-04-22 09:47:11.308373+03
504,qrcodes/qr_504.png,,f,2025-04-22 09:47:11.317324+03
505,qrcodes/qr_505.png,,f,2025-04-22 09:47:11.325885+03
506,qrcodes/qr_506.png,,f,2025-04-22 09:47:11.335053+03
507,qrcodes/qr_507.png,,f,2025-04-22 09:47:11.344193+03
508,qrcodes/qr_508.png,,f,2025-04-22 09:47:11.353141+03
509,qrcodes/qr_509.png,,f,2025-04-22 09:47:11.362154+03
510,qrcodes/qr_510.png,,f,2025-04-22 09:47:11.374111+03
511,qrcodes/qr_511.png,,f,2025-04-22 09:47:11.383688+03
512,qrcodes/qr_512.png,,f,2025-04-22 09:47:11.392563+03
513,qrcodes/qr_513.png,,f,2025-04-22 09:47:11.401838+03
514,qrcodes/qr_514.png,,f,2025-04-22 09:47:11.411011+03
515,qrcodes/qr_515.png,,f,2025-04-22 09:47:11.419423+03
516,qrcodes/qr_516.png,,f,2025-04-22 09:47:11.42853+03
517,qrcodes/qr_517.png,,f,2025-04-22 09:47:11.437493+03
518,qrcodes/qr_518.png,,f,2025-04-22 09:47:11.446054+03
519,qrcodes/qr_519.png,,f,2025-04-22 09:47:11.45482+03
520,qrcodes/qr_520.png,,f,2025-04-22 09:47:11.464185+03
521,qrcodes/qr_521.png,,f,2025-04-22 09:47:11.472598+03
522,qrcodes/qr_522.png,,f,2025-04-22 09:47:11.481676+03
523,qrcodes/qr_523.png,,f,2025-04-22 09:47:11.490716+03
524,qrcodes/qr_524.png,,f,2025-04-22 09:47:11.499188+03
525,qrcodes/qr_525.png,,f,2025-04-22 09:47:11.507987+03
526,qrcodes/qr_526.png,,f,2025-04-22 09:47:11.51735+03
527,qrcodes/qr_527.png,,f,2025-04-22 09:47:11.526624+03
528,qrcodes/qr_528.png,,f,2025-04-22 09:47:11.535532+03
529,qrcodes/qr_529.png,,f,2025-04-22 09:47:11.54434+03
530,qrcodes/qr_530.png,,f,2025-04-22 09:47:11.552841+03
531,qrcodes/qr_531.png,,f,2025-04-22 09:47:11.561625+03
532,qrcodes/qr_532.png,,f,2025-04-22 09:47:11.570941+03
533,qrcodes/qr_533.png,,f,2025-04-22 09:47:11.5795+03
534,qrcodes/qr_534.png,,f,2025-04-22 09:47:11.588838+03
535,qrcodes/qr_535.png,,f,2025-04-22 09:47:11.59748+03
536,qrcodes/qr_536.png,,f,2025-04-22 09:47:11.605946+03
537,qrcodes/qr_537.png,,f,2025-04-22 09:47:11.614632+03
538,qrcodes/qr_538.png,,f,2025-04-22 09:47:11.623834+03
539,qrcodes/qr_539.png,,f,2025-04-22 09:47:11.632388+03
540,qrcodes/qr_540.png,,f,2025-04-22 09:47:11.641901+03
541,qrcodes/qr_541.png,,f,2025-04-22 09:47:11.651443+03
542,qrcodes/qr_542.png,,f,2025-04-22 09:47:11.659712+03
543,qrcodes/qr_543.png,,f,2025-04-22 09:47:11.668633+03
544,qrcodes/qr_544.png,,f,2025-04-22 09:47:11.677917+03
545,qrcodes/qr_545.png,,f,2025-04-22 09:47:11.686389+03
546,qrcodes/qr_546.png,,f,2025-04-22 09:47:11.695807+03
547,qrcodes/qr_547.png,,f,2025-04-22 09:47:11.705039+03
548,qrcodes/qr_548.png,,f,2025-04-22 09:47:11.714047+03
549,qrcodes/qr_549.png,,f,2025-04-22 09:47:11.723076+03
550,qrcodes/qr_550.png,,f,2025-04-22 09:47:11.732287+03
551,qrcodes/qr_551.png,,f,2025-04-22 09:47:11.740935+03
552,qrcodes/qr_552.png,,f,2025-04-22 09:47:11.750822+03
553,qrcodes/qr_553.png,,f,2025-04-22 09:47:11.759654+03
554,qrcodes/qr_554.png,,f,2025-04-22 09:47:11.768232+03
555,qrcodes/qr_555.png,,f,2025-04-22 09:47:11.777428+03
556,qrcodes/qr_556.png,,f,2025-04-22 09:47:11.786184+03
557,qrcodes/qr_557.png,,f,2025-04-22 09:47:11.794798+03
558,qrcodes/qr_558.png,,f,2025-04-22 09:47:11.803996+03
559,qrcodes/qr_559.png,,f,2025-04-22 09:47:11.812656+03
560,qrcodes/qr_560.png,,f,2025-04-22 09:47:11.821819+03
561,qrcodes/qr_561.png,,f,2025-04-22 09:47:11.830966+03
562,qrcodes/qr_562.png,,f,2025-04-22 09:47:11.840572+03
563,qrcodes/qr_563.png,,f,2025-04-22 09:47:11.849052+03
564,qrcodes/qr_564.png,,f,2025-04-22 09:47:11.858241+03
565,qrcodes/qr_565.png,,f,2025-04-22 09:47:11.866838+03
566,qrcodes/qr_566.png,,f,2025-04-22 09:47:11.87543+03
567,qrcodes/qr_567.png,,f,2025-04-22 09:47:11.884386+03
568,qrcodes/qr_568.png,,f,2025-04-22 09:47:11.893178+03
569,qrcodes/qr_569.png,,f,2025-04-22 09:47:11.901799+03
570,qrcodes/qr_570.png,,f,2025-04-22 09:47:11.91092+03
571,qrcodes/qr_571.png,,f,2025-04-22 09:47:11.920438+03
572,qrcodes/qr_572.png,,f,2025-04-22 09:47:11.930722+03
573,qrcodes/qr_573.png,,f,2025-04-22 09:47:11.939148+03
574,qrcodes/qr_574.png,,f,2025-04-22 09:47:11.948217+03
575,qrcodes/qr_575.png,,f,2025-04-22 09:47:11.957165+03
576,qrcodes/qr_576.png,,f,2025-04-22 09:47:11.965857+03
577,qrcodes/qr_577.png,,f,2025-04-22 09:47:11.974466+03
578,qrcodes/qr_578.png,,f,2025-04-22 09:47:11.983037+03
579,qrcodes/qr_579.png,,f,2025-04-22 09:47:11.992114+03
580,qrcodes/qr_580.png,,f,2025-04-22 09:47:12.000846+03
581,qrcodes/qr_581.png,,f,2025-04-22 09:47:12.009493+03
582,qrcodes/qr_582.png,,f,2025-04-22 09:47:12.018696+03
583,qrcodes/qr_583.png,,f,2025-04-22 09:47:12.027285+03
584,qrcodes/qr_584.png,,f,2025-04-22 09:47:12.035982+03
585,qrcodes/qr_585.png,,f,2025-04-22 09:47:12.045087+03
586,qrcodes/qr_586.png,,f,2025-04-22 09:47:12.053845+03
587,qrcodes/qr_587.png,,f,2025-04-22 09:47:12.062274+03
588,qrcodes/qr_588.png,,f,2025-04-22 09:47:12.071433+03
589,qrcodes/qr_589.png,,f,2025-04-22 09:47:12.079935+03
590,qrcodes/qr_590.png,,f,2025-04-22 09:47:12.088727+03
591,qrcodes/qr_591.png,,f,2025-04-22 09:47:12.104418+03
592,qrcodes/qr_592.png,,f,2025-04-22 09:47:12.115954+03
593,qrcodes/qr_593.png,,f,2025-04-22 09:47:12.126169+03
594,qrcodes/qr_594.png,,f,2025-04-22 09:47:12.134948+03
595,qrcodes/qr_595.png,,f,2025-04-22 09:47:12.14396+03
596,qrcodes/qr_596.png,,f,2025-04-22 09:47:12.152539+03
597,qrcodes/qr_597.png,,f,2025-04-22 09:47:12.161314+03
598,qrcodes/qr_598.png,,f,2025-04-22 09:47:12.169884+03
599,qrcodes/qr_599.png,,f,2025-04-22 09:47:12.179056+03
600,qrcodes/qr_600.png,,f,2025-04-22 09:47:12.187867+03
601,qrcodes/qr_601.png,,f,2025-04-22 09:47:12.196821+03
602,qrcodes/qr_602.png,,f,2025-04-22 09:47:12.205942+03
603,qrcodes/qr_603.png,,f,2025-04-22 09:47:12.214428+03
604,qrcodes/qr_604.png,,f,2025-04-22 09:47:12.223605+03
605,qrcodes/qr_605.png,,f,2025-04-22 09:47:12.232432+03
606,qrcodes/qr_606.png,,f,2025-04-22 09:47:12.241379+03
607,qrcodes/qr_607.png,,f,2025-04-22 09:47:12.249945+03
608,qrcodes/qr_608.png,,f,2025-04-22 09:47:12.259067+03
609,qrcodes/qr_609.png,,f,2025-04-22 09:47:12.267748+03
610,qrcodes/qr_610.png,,f,2025-04-22 09:47:12.276744+03
611,qrcodes/qr_611.png,,f,2025-04-22 09:47:12.285624+03
612,qrcodes/qr_612.png,,f,2025-04-22 09:47:12.293991+03
613,qrcodes/qr_613.png,,f,2025-04-22 09:47:12.302267+03
614,qrcodes/qr_614.png,,f,2025-04-22 09:47:12.3109+03
615,qrcodes/qr_615.png,,f,2025-04-22 09:47:12.319388+03
616,qrcodes/qr_616.png,,f,2025-04-22 09:47:12.327756+03
617,qrcodes/qr_617.png,,f,2025-04-22 09:47:12.336395+03
618,qrcodes/qr_618.png,,f,2025-04-22 09:47:12.344964+03
619,qrcodes/qr_619.png,,f,2025-04-22 09:47:12.353294+03
620,qrcodes/qr_620.png,,f,2025-04-22 09:47:12.362132+03
621,qrcodes/qr_621.png,,f,2025-04-22 09:47:12.371014+03
622,qrcodes/qr_622.png,,f,2025-04-22 09:47:12.379449+03
623,qrcodes/qr_623.png,,f,2025-04-22 09:47:12.387679+03
624,qrcodes/qr_624.png,,f,2025-04-22 09:47:12.396164+03
625,qrcodes/qr_625.png,,f,2025-04-22 09:47:12.405001+03
626,qrcodes/qr_626.png,,f,2025-04-22 09:47:12.413592+03
627,qrcodes/qr_627.png,,f,2025-04-22 09:47:12.421852+03
628,qrcodes/qr_628.png,,f,2025-04-22 09:47:12.430838+03
629,qrcodes/qr_629.png,,f,2025-04-22 09:47:12.43935+03
630,qrcodes/qr_630.png,,f,2025-04-22 09:47:12.447755+03
631,qrcodes/qr_631.png,,f,2025-04-22 09:47:12.45667+03
632,qrcodes/qr_632.png,,f,2025-04-22 09:47:12.465374+03
633,qrcodes/qr_633.png,,f,2025-04-22 09:47:12.473525+03
634,qrcodes/qr_634.png,,f,2025-04-22 09:47:12.482134+03
635,qrcodes/qr_635.png,,f,2025-04-22 09:47:12.490638+03
636,qrcodes/qr_636.png,,f,2025-04-22 09:47:12.499219+03
637,qrcodes/qr_637.png,,f,2025-04-22 09:47:12.507612+03
638,qrcodes/qr_638.png,,f,2025-04-22 09:47:12.516066+03
639,qrcodes/qr_639.png,,f,2025-04-22 09:47:12.524971+03
640,qrcodes/qr_640.png,,f,2025-04-22 09:47:12.533639+03
641,qrcodes/qr_641.png,,f,2025-04-22 09:47:12.542001+03
642,qrcodes/qr_642.png,,f,2025-04-22 09:47:12.55113+03
643,qrcodes/qr_643.png,,f,2025-04-22 09:47:12.55945+03
644,qrcodes/qr_644.png,,f,2025-04-22 09:47:12.567727+03
645,qrcodes/qr_645.png,,f,2025-04-22 09:47:12.576353+03
646,qrcodes/qr_646.png,,f,2025-04-22 09:47:12.585142+03
647,qrcodes/qr_647.png,,f,2025-04-22 09:47:12.59326+03
648,qrcodes/qr_648.png,,f,2025-04-22 09:47:12.602457+03
649,qrcodes/qr_649.png,,f,2025-04-22 09:47:12.611533+03
650,qrcodes/qr_650.png,,f,2025-04-22 09:47:12.619993+03
651,qrcodes/qr_651.png,,f,2025-04-22 09:47:12.62829+03
652,qrcodes/qr_652.png,,f,2025-04-22 09:47:12.6369+03
653,qrcodes/qr_653.png,,f,2025-04-22 09:47:12.645265+03
654,qrcodes/qr_654.png,,f,2025-04-22 09:47:12.653799+03
655,qrcodes/qr_655.png,,f,2025-04-22 09:47:12.662444+03
656,qrcodes/qr_656.png,,f,2025-04-22 09:47:12.671695+03
657,qrcodes/qr_657.png,,f,2025-04-22 09:47:12.68+03
658,qrcodes/qr_658.png,,f,2025-04-22 09:47:12.688788+03
659,qrcodes/qr_659.png,,f,2025-04-22 09:47:12.697607+03
660,qrcodes/qr_660.png,,f,2025-04-22 09:47:12.70614+03
661,qrcodes/qr_661.png,,f,2025-04-22 09:47:12.714315+03
662,qrcodes/qr_662.png,,f,2025-04-22 09:47:12.72303+03
663,qrcodes/qr_663.png,,f,2025-04-22 09:47:12.731474+03
664,qrcodes/qr_664.png,,f,2025-04-22 09:47:12.740009+03
665,qrcodes/qr_665.png,,f,2025-04-22 09:47:12.748879+03
666,qrcodes/qr_666.png,,f,2025-04-22 09:47:12.757551+03
667,qrcodes/qr_667.png,,f,2025-04-22 09:47:12.765818+03
668,qrcodes/qr_668.png,,f,2025-04-22 09:47:12.774006+03
669,qrcodes/qr_669.png,,f,2025-04-22 09:47:12.782331+03
670,qrcodes/qr_670.png,,f,2025-04-22 09:47:12.79122+03
671,qrcodes/qr_671.png,,f,2025-04-22 09:47:12.799567+03
672,qrcodes/qr_672.png,,f,2025-04-22 09:47:12.807879+03
673,qrcodes/qr_673.png,,f,2025-04-22 09:47:12.816486+03
674,qrcodes/qr_674.png,,f,2025-04-22 09:47:12.825104+03
675,qrcodes/qr_675.png,,f,2025-04-22 09:47:12.833188+03
676,qrcodes/qr_676.png,,f,2025-04-22 09:47:12.841803+03
677,qrcodes/qr_677.png,,f,2025-04-22 09:47:12.850228+03
678,qrcodes/qr_678.png,,f,2025-04-22 09:47:12.858849+03
679,qrcodes/qr_679.png,,f,2025-04-22 09:47:12.867078+03
680,qrcodes/qr_680.png,,f,2025-04-22 09:47:12.875811+03
681,qrcodes/qr_681.png,,f,2025-04-22 09:47:12.884633+03
682,qrcodes/qr_682.png,,f,2025-04-22 09:47:12.893168+03
683,qrcodes/qr_683.png,,f,2025-04-22 09:47:12.901522+03
684,qrcodes/qr_684.png,,f,2025-04-22 09:47:12.910683+03
685,qrcodes/qr_685.png,,f,2025-04-22 09:47:12.919225+03
686,qrcodes/qr_686.png,,f,2025-04-22 09:47:12.927382+03
687,qrcodes/qr_687.png,,f,2025-04-22 09:47:12.936432+03
688,qrcodes/qr_688.png,,f,2025-04-22 09:47:12.94518+03
689,qrcodes/qr_689.png,,f,2025-04-22 09:47:12.95332+03
690,qrcodes/qr_690.png,,f,2025-04-22 09:47:12.961911+03
691,qrcodes/qr_691.png,,f,2025-04-22 09:47:12.970676+03
692,qrcodes/qr_692.png,,f,2025-04-22 09:47:12.978893+03
693,qrcodes/qr_693.png,,f,2025-04-22 09:47:12.987357+03
694,qrcodes/qr_694.png,,f,2025-04-22 09:47:12.996054+03
695,qrcodes/qr_695.png,,f,2025-04-22 09:47:13.0051+03
696,qrcodes/qr_696.png,,f,2025-04-22 09:47:13.013813+03
697,qrcodes/qr_697.png,,f,2025-04-22 09:47:13.021967+03
698,qrcodes/qr_698.png,,f,2025-04-22 09:47:13.031007+03
699,qrcodes/qr_699.png,,f,2025-04-22 09:47:13.039308+03
700,qrcodes/qr_700.png,,f,2025-04-22 09:47:13.047835+03
701,qrcodes/qr_701.png,,f,2025-04-22 09:47:13.056567+03
702,qrcodes/qr_702.png,,f,2025-04-22 09:47:13.065364+03
703,qrcodes/qr_703.png,,f,2025-04-22 09:47:13.073708+03
704,qrcodes/qr_704.png,,f,2025-04-22 09:47:13.082211+03
705,qrcodes/qr_705.png,,f,2025-04-22 09:47:13.090771+03
706,qrcodes/qr_706.png,,f,2025-04-22 09:47:13.099231+03
707,qrcodes/qr_707.png,,f,2025-04-22 09:47:13.10758+03
708,qrcodes/qr_708.png,,f,2025-04-22 09:47:13.116106+03
709,qrcodes/qr_709.png,,f,2025-04-22 09:47:13.125101+03
710,qrcodes/qr_710.png,,f,2025-04-22 09:47:13.133485+03
711,qrcodes/qr_711.png,,f,2025-04-22 09:47:13.141937+03
712,qrcodes/qr_712.png,,f,2025-04-22 09:47:13.150814+03
713,qrcodes/qr_713.png,,f,2025-04-22 09:47:13.159216+03
714,qrcodes/qr_714.png,,f,2025-04-22 09:47:13.167658+03
715,qrcodes/qr_715.png,,f,2025-04-22 09:47:13.176563+03
716,qrcodes/qr_716.png,,f,2025-04-22 09:47:13.185557+03
717,qrcodes/qr_717.png,,f,2025-04-22 09:47:13.193613+03
718,qrcodes/qr_718.png,,f,2025-04-22 09:47:13.202423+03
719,qrcodes/qr_719.png,,f,2025-04-22 09:47:13.211123+03
720,qrcodes/qr_720.png,,f,2025-04-22 09:47:13.219417+03
721,qrcodes/qr_721.png,,f,2025-04-22 09:47:13.227802+03
722,qrcodes/qr_722.png,,f,2025-04-22 09:47:13.236384+03
723,qrcodes/qr_723.png,,f,2025-04-22 09:47:13.245197+03
724,qrcodes/qr_724.png,,f,2025-04-22 09:47:13.254079+03
725,qrcodes/qr_725.png,,f,2025-04-22 09:47:13.262867+03
726,qrcodes/qr_726.png,,f,2025-04-22 09:47:13.271628+03
727,qrcodes/qr_727.png,,f,2025-04-22 09:47:13.279972+03
728,qrcodes/qr_728.png,,f,2025-04-22 09:47:13.288361+03
729,qrcodes/qr_729.png,,f,2025-04-22 09:47:13.297222+03
730,qrcodes/qr_730.png,,f,2025-04-22 09:47:13.305811+03
731,qrcodes/qr_731.png,,f,2025-04-22 09:47:13.314052+03
732,qrcodes/qr_732.png,,f,2025-04-22 09:47:13.322662+03
733,qrcodes/qr_733.png,,f,2025-04-22 09:47:13.331514+03
734,qrcodes/qr_734.png,,f,2025-04-22 09:47:13.33997+03
735,qrcodes/qr_735.png,,f,2025-04-22 09:47:13.348216+03
736,qrcodes/qr_736.png,,f,2025-04-22 09:47:13.356834+03
737,qrcodes/qr_737.png,,f,2025-04-22 09:47:13.36547+03
738,qrcodes/qr_738.png,,f,2025-04-22 09:47:13.37393+03
739,qrcodes/qr_739.png,,f,2025-04-22 09:47:13.382111+03
740,qrcodes/qr_740.png,,f,2025-04-22 09:47:13.391059+03
741,qrcodes/qr_741.png,,f,2025-04-22 09:47:13.399485+03
742,qrcodes/qr_742.png,,f,2025-04-22 09:47:13.407814+03
743,qrcodes/qr_743.png,,f,2025-04-22 09:47:13.416529+03
744,qrcodes/qr_744.png,,f,2025-04-22 09:47:13.425305+03
745,qrcodes/qr_745.png,,f,2025-04-22 09:47:13.433719+03
746,qrcodes/qr_746.png,,f,2025-04-22 09:47:13.443646+03
747,qrcodes/qr_747.png,,f,2025-04-22 09:47:13.45212+03
748,qrcodes/qr_748.png,,f,2025-04-22 09:47:13.46034+03
749,qrcodes/qr_749.png,,f,2025-04-22 09:47:13.4692+03
750,qrcodes/qr_750.png,,f,2025-04-22 09:47:13.478423+03
751,qrcodes/qr_751.png,,f,2025-04-22 09:47:13.486648+03
752,qrcodes/qr_752.png,,f,2025-04-22 09:47:13.495088+03
753,qrcodes/qr_753.png,,f,2025-04-22 09:47:13.503907+03
754,qrcodes/qr_754.png,,f,2025-04-22 09:47:13.512827+03
755,qrcodes/qr_755.png,,f,2025-04-22 09:47:13.52206+03
756,qrcodes/qr_756.png,,f,2025-04-22 09:47:13.534234+03
757,qrcodes/qr_757.png,,f,2025-04-22 09:47:13.548035+03
758,qrcodes/qr_758.png,,f,2025-04-22 09:47:13.559113+03
759,qrcodes/qr_759.png,,f,2025-04-22 09:47:13.568241+03
760,qrcodes/qr_760.png,,f,2025-04-22 09:47:13.578434+03
761,qrcodes/qr_761.png,,f,2025-04-22 09:47:13.587305+03
762,qrcodes/qr_762.png,,f,2025-04-22 09:47:13.595632+03
763,qrcodes/qr_763.png,,f,2025-04-22 09:47:13.604811+03
764,qrcodes/qr_764.png,,f,2025-04-22 09:47:13.613444+03
765,qrcodes/qr_765.png,,f,2025-04-22 09:47:13.62144+03
766,qrcodes/qr_766.png,,f,2025-04-22 09:47:13.630468+03
767,qrcodes/qr_767.png,,f,2025-04-22 09:47:13.639534+03
768,qrcodes/qr_768.png,,f,2025-04-22 09:47:13.647874+03
769,qrcodes/qr_769.png,,f,2025-04-22 09:47:13.656837+03
770,qrcodes/qr_770.png,,f,2025-04-22 09:47:13.666164+03
771,qrcodes/qr_771.png,,f,2025-04-22 09:47:13.675072+03
772,qrcodes/qr_772.png,,f,2025-04-22 09:47:13.684291+03
773,qrcodes/qr_773.png,,f,2025-04-22 09:47:13.692852+03
774,qrcodes/qr_774.png,,f,2025-04-22 09:47:13.701033+03
775,qrcodes/qr_775.png,,f,2025-04-22 09:47:13.709856+03
776,qrcodes/qr_776.png,,f,2025-04-22 09:47:13.718332+03
777,qrcodes/qr_777.png,,f,2025-04-22 09:47:13.726664+03
778,qrcodes/qr_778.png,,f,2025-04-22 09:47:13.734968+03
779,qrcodes/qr_779.png,,f,2025-04-22 09:47:13.743416+03
780,qrcodes/qr_780.png,,f,2025-04-22 09:47:13.752331+03
781,qrcodes/qr_781.png,,f,2025-04-22 09:47:13.760839+03
782,qrcodes/qr_782.png,,f,2025-04-22 09:47:13.769149+03
783,qrcodes/qr_783.png,,f,2025-04-22 09:47:13.778254+03
784,qrcodes/qr_784.png,,f,2025-04-22 09:47:13.786761+03
785,qrcodes/qr_785.png,,f,2025-04-22 09:47:13.794836+03
786,qrcodes/qr_786.png,,f,2025-04-22 09:47:13.803541+03
787,qrcodes/qr_787.png,,f,2025-04-22 09:47:13.812118+03
788,qrcodes/qr_788.png,,f,2025-04-22 09:47:13.820348+03
789,qrcodes/qr_789.png,,f,2025-04-22 09:47:13.828565+03
790,qrcodes/qr_790.png,,f,2025-04-22 09:47:13.837199+03
791,qrcodes/qr_791.png,,f,2025-04-22 09:47:13.84564+03
792,qrcodes/qr_792.png,,f,2025-04-22 09:47:13.853888+03
793,qrcodes/qr_793.png,,f,2025-04-22 09:47:13.863319+03
794,qrcodes/qr_794.png,,f,2025-04-22 09:47:13.8723+03
795,qrcodes/qr_795.png,,f,2025-04-22 09:47:13.880713+03
796,qrcodes/qr_796.png,,f,2025-04-22 09:47:13.888765+03
797,qrcodes/qr_797.png,,f,2025-04-22 09:47:13.897689+03
798,qrcodes/qr_798.png,,f,2025-04-22 09:47:13.906105+03
799,qrcodes/qr_799.png,,f,2025-04-22 09:47:13.914403+03
800,qrcodes/qr_800.png,,f,2025-04-22 09:47:13.922951+03
801,qrcodes/qr_801.png,,f,2025-04-22 09:47:13.931929+03
802,qrcodes/qr_802.png,,f,2025-04-22 09:47:13.93999+03
803,qrcodes/qr_803.png,,f,2025-04-22 09:47:13.948481+03
804,qrcodes/qr_804.png,,f,2025-04-22 09:47:13.956793+03
805,qrcodes/qr_805.png,,f,2025-04-22 09:47:13.965845+03
806,qrcodes/qr_806.png,,f,2025-04-22 09:47:13.974241+03
807,qrcodes/qr_807.png,,f,2025-04-22 09:47:13.982407+03
808,qrcodes/qr_808.png,,f,2025-04-22 09:47:13.991471+03
809,qrcodes/qr_809.png,,f,2025-04-22 09:47:13.999748+03
810,qrcodes/qr_810.png,,f,2025-04-22 09:47:14.007988+03
811,qrcodes/qr_811.png,,f,2025-04-22 09:47:14.016541+03
812,qrcodes/qr_812.png,,f,2025-04-22 09:47:14.026085+03
813,qrcodes/qr_813.png,,f,2025-04-22 09:47:14.034168+03
814,qrcodes/qr_814.png,,f,2025-04-22 09:47:14.043264+03
815,qrcodes/qr_815.png,,f,2025-04-22 09:47:14.051971+03
816,qrcodes/qr_816.png,,f,2025-04-22 09:47:14.060193+03
817,qrcodes/qr_817.png,,f,2025-04-22 09:47:14.068924+03
818,qrcodes/qr_818.png,,f,2025-04-22 09:47:14.07775+03
819,qrcodes/qr_819.png,,f,2025-04-22 09:47:14.086035+03
820,qrcodes/qr_820.png,,f,2025-04-22 09:47:14.094506+03
821,qrcodes/qr_821.png,,f,2025-04-22 09:47:14.102986+03
822,qrcodes/qr_822.png,,f,2025-04-22 09:47:14.111964+03
823,qrcodes/qr_823.png,,f,2025-04-22 09:47:14.120307+03
824,qrcodes/qr_824.png,,f,2025-04-22 09:47:14.128459+03
825,qrcodes/qr_825.png,,f,2025-04-22 09:47:14.137416+03
826,qrcodes/qr_826.png,,f,2025-04-22 09:47:14.145879+03
827,qrcodes/qr_827.png,,f,2025-04-22 09:47:14.153982+03
828,qrcodes/qr_828.png,,f,2025-04-22 09:47:14.162641+03
829,qrcodes/qr_829.png,,f,2025-04-22 09:47:14.171264+03
830,qrcodes/qr_830.png,,f,2025-04-22 09:47:14.179547+03
831,qrcodes/qr_831.png,,f,2025-04-22 09:47:14.188047+03
832,qrcodes/qr_832.png,,f,2025-04-22 09:47:14.19655+03
833,qrcodes/qr_833.png,,f,2025-04-22 09:47:14.205301+03
834,qrcodes/qr_834.png,,f,2025-04-22 09:47:14.21364+03
835,qrcodes/qr_835.png,,f,2025-04-22 09:47:14.222214+03
836,qrcodes/qr_836.png,,f,2025-04-22 09:47:14.231659+03
837,qrcodes/qr_837.png,,f,2025-04-22 09:47:14.240165+03
838,qrcodes/qr_838.png,,f,2025-04-22 09:47:14.248353+03
839,qrcodes/qr_839.png,,f,2025-04-22 09:47:14.256977+03
840,qrcodes/qr_840.png,,f,2025-04-22 09:47:14.265672+03
841,qrcodes/qr_841.png,,f,2025-04-22 09:47:14.274052+03
842,qrcodes/qr_842.png,,f,2025-04-22 09:47:14.28239+03
843,qrcodes/qr_843.png,,f,2025-04-22 09:47:14.291126+03
844,qrcodes/qr_844.png,,f,2025-04-22 09:47:14.299263+03
845,qrcodes/qr_845.png,,f,2025-04-22 09:47:14.307599+03
846,qrcodes/qr_846.png,,f,2025-04-22 09:47:14.315925+03
847,qrcodes/qr_847.png,,f,2025-04-22 09:47:14.325071+03
848,qrcodes/qr_848.png,,f,2025-04-22 09:47:14.333517+03
849,qrcodes/qr_849.png,,f,2025-04-22 09:47:14.341568+03
850,qrcodes/qr_850.png,,f,2025-04-22 09:47:14.34999+03
851,qrcodes/qr_851.png,,f,2025-04-22 09:47:14.358653+03
852,qrcodes/qr_852.png,,f,2025-04-22 09:47:14.36695+03
853,qrcodes/qr_853.png,,f,2025-04-22 09:47:14.375876+03
854,qrcodes/qr_854.png,,f,2025-04-22 09:47:14.384838+03
855,qrcodes/qr_855.png,,f,2025-04-22 09:47:14.392868+03
856,qrcodes/qr_856.png,,f,2025-04-22 09:47:14.401296+03
857,qrcodes/qr_857.png,,f,2025-04-22 09:47:14.409675+03
858,qrcodes/qr_858.png,,f,2025-04-22 09:47:14.418487+03
859,qrcodes/qr_859.png,,f,2025-04-22 09:47:14.427105+03
860,qrcodes/qr_860.png,,f,2025-04-22 09:47:14.435184+03
861,qrcodes/qr_861.png,,f,2025-04-22 09:47:14.443994+03
862,qrcodes/qr_862.png,,f,2025-04-22 09:47:14.452652+03
863,qrcodes/qr_863.png,,f,2025-04-22 09:47:14.460909+03
864,qrcodes/qr_864.png,,f,2025-04-22 09:47:14.469473+03
865,qrcodes/qr_865.png,,f,2025-04-22 09:47:14.478304+03
866,qrcodes/qr_866.png,,f,2025-04-22 09:47:14.486608+03
867,qrcodes/qr_867.png,,f,2025-04-22 09:47:14.49506+03
868,qrcodes/qr_868.png,,f,2025-04-22 09:47:14.503582+03
869,qrcodes/qr_869.png,,f,2025-04-22 09:47:14.51227+03
870,qrcodes/qr_870.png,,f,2025-04-22 09:47:14.521044+03
871,qrcodes/qr_871.png,,f,2025-04-22 09:47:14.529207+03
872,qrcodes/qr_872.png,,f,2025-04-22 09:47:14.538192+03
873,qrcodes/qr_873.png,,f,2025-04-22 09:47:14.546728+03
874,qrcodes/qr_874.png,,f,2025-04-22 09:47:14.555132+03
875,qrcodes/qr_875.png,,f,2025-04-22 09:47:14.563958+03
876,qrcodes/qr_876.png,,f,2025-04-22 09:47:14.57259+03
877,qrcodes/qr_877.png,,f,2025-04-22 09:47:14.58107+03
878,qrcodes/qr_878.png,,f,2025-04-22 09:47:14.589657+03
879,qrcodes/qr_879.png,,f,2025-04-22 09:47:14.598965+03
880,qrcodes/qr_880.png,,f,2025-04-22 09:47:14.607072+03
881,qrcodes/qr_881.png,,f,2025-04-22 09:47:14.615598+03
882,qrcodes/qr_882.png,,f,2025-04-22 09:47:14.624614+03
883,qrcodes/qr_883.png,,f,2025-04-22 09:47:14.633046+03
884,qrcodes/qr_884.png,,f,2025-04-22 09:47:14.641554+03
885,qrcodes/qr_885.png,,f,2025-04-22 09:47:14.650121+03
886,qrcodes/qr_886.png,,f,2025-04-22 09:47:14.659248+03
887,qrcodes/qr_887.png,,f,2025-04-22 09:47:14.667568+03
888,qrcodes/qr_888.png,,f,2025-04-22 09:47:14.67615+03
889,qrcodes/qr_889.png,,f,2025-04-22 09:47:14.684769+03
890,qrcodes/qr_890.png,,f,2025-04-22 09:47:14.693385+03
891,qrcodes/qr_891.png,,f,2025-04-22 09:47:14.701781+03
892,qrcodes/qr_892.png,,f,2025-04-22 09:47:14.710684+03
893,qrcodes/qr_893.png,,f,2025-04-22 09:47:14.7193+03
894,qrcodes/qr_894.png,,f,2025-04-22 09:47:14.727652+03
895,qrcodes/qr_895.png,,f,2025-04-22 09:47:14.736334+03
896,qrcodes/qr_896.png,,f,2025-04-22 09:47:14.745221+03
897,qrcodes/qr_897.png,,f,2025-04-22 09:47:14.753479+03
898,qrcodes/qr_898.png,,f,2025-04-22 09:47:14.761843+03
899,qrcodes/qr_899.png,,f,2025-04-22 09:47:14.77012+03
900,qrcodes/qr_900.png,,f,2025-04-22 09:47:14.778903+03
901,qrcodes/qr_901.png,,f,2025-04-22 09:47:14.787364+03
902,qrcodes/qr_902.png,,f,2025-04-22 09:47:14.795856+03
903,qrcodes/qr_903.png,,f,2025-04-22 09:47:14.804983+03
904,qrcodes/qr_904.png,,f,2025-04-22 09:47:14.813473+03
905,qrcodes/qr_905.png,,f,2025-04-22 09:47:14.821822+03
906,qrcodes/qr_906.png,,f,2025-04-22 09:47:14.830863+03
907,qrcodes/qr_907.png,,f,2025-04-22 09:47:14.839375+03
908,qrcodes/qr_908.png,,f,2025-04-22 09:47:14.847632+03
909,qrcodes/qr_909.png,,f,2025-04-22 09:47:14.856108+03
910,qrcodes/qr_910.png,,f,2025-04-22 09:47:14.86512+03
911,qrcodes/qr_911.png,,f,2025-04-22 09:47:14.873274+03
912,qrcodes/qr_912.png,,f,2025-04-22 09:47:14.881765+03
913,qrcodes/qr_913.png,,f,2025-04-22 09:47:14.890152+03
914,qrcodes/qr_914.png,,f,2025-04-22 09:47:14.899069+03
915,qrcodes/qr_915.png,,f,2025-04-22 09:47:14.907267+03
916,qrcodes/qr_916.png,,f,2025-04-22 09:47:14.915734+03
917,qrcodes/qr_917.png,,f,2025-04-22 09:47:14.924975+03
918,qrcodes/qr_918.png,,f,2025-04-22 09:47:14.933244+03
919,qrcodes/qr_919.png,,f,2025-04-22 09:47:14.942124+03
920,qrcodes/qr_920.png,,f,2025-04-22 09:47:14.950831+03
921,qrcodes/qr_921.png,,f,2025-04-22 09:47:14.959615+03
922,qrcodes/qr_922.png,,f,2025-04-22 09:47:14.967754+03
923,qrcodes/qr_923.png,,f,2025-04-22 09:47:14.976298+03
924,qrcodes/qr_924.png,,f,2025-04-22 09:47:14.985154+03
925,qrcodes/qr_925.png,,f,2025-04-22 09:47:14.993306+03
926,qrcodes/qr_926.png,,f,2025-04-22 09:47:15.001563+03
927,qrcodes/qr_927.png,,f,2025-04-22 09:47:15.010158+03
928,qrcodes/qr_928.png,,f,2025-04-22 09:47:15.019172+03
929,qrcodes/qr_929.png,,f,2025-04-22 09:47:15.027396+03
930,qrcodes/qr_930.png,,f,2025-04-22 09:47:15.036147+03
931,qrcodes/qr_931.png,,f,2025-04-22 09:47:15.044702+03
932,qrcodes/qr_932.png,,f,2025-04-22 09:47:15.053057+03
933,qrcodes/qr_933.png,,f,2025-04-22 09:47:15.061264+03
934,qrcodes/qr_934.png,,f,2025-04-22 09:47:15.069906+03
935,qrcodes/qr_935.png,,f,2025-04-22 09:47:15.078705+03
936,qrcodes/qr_936.png,,f,2025-04-22 09:47:15.086912+03
937,qrcodes/qr_937.png,,f,2025-04-22 09:47:15.095225+03
938,qrcodes/qr_938.png,,f,2025-04-22 09:47:15.103642+03
939,qrcodes/qr_939.png,,f,2025-04-22 09:47:15.112573+03
940,qrcodes/qr_940.png,,f,2025-04-22 09:47:15.121691+03
941,qrcodes/qr_941.png,,f,2025-04-22 09:47:15.130464+03
942,qrcodes/qr_942.png,,f,2025-04-22 09:47:15.139023+03
943,qrcodes/qr_943.png,,f,2025-04-22 09:47:15.147715+03
944,qrcodes/qr_944.png,,f,2025-04-22 09:47:15.156154+03
945,qrcodes/qr_945.png,,f,2025-04-22 09:47:15.165044+03
946,qrcodes/qr_946.png,,f,2025-04-22 09:47:15.176565+03
947,qrcodes/qr_947.png,,f,2025-04-22 09:47:15.187854+03
948,qrcodes/qr_948.png,,f,2025-04-22 09:47:15.199008+03
949,qrcodes/qr_949.png,,f,2025-04-22 09:47:15.207328+03
950,qrcodes/qr_950.png,,f,2025-04-22 09:47:15.216285+03
951,qrcodes/qr_951.png,,f,2025-04-22 09:47:15.224971+03
952,qrcodes/qr_952.png,,f,2025-04-22 09:47:15.233086+03
953,qrcodes/qr_953.png,,f,2025-04-22 09:47:15.241667+03
954,qrcodes/qr_954.png,,f,2025-04-22 09:47:15.2502+03
955,qrcodes/qr_955.png,,f,2025-04-22 09:47:15.259135+03
956,qrcodes/qr_956.png,,f,2025-04-22 09:47:15.267613+03
957,qrcodes/qr_957.png,,f,2025-04-22 09:47:15.275561+03
958,qrcodes/qr_958.png,,f,2025-04-22 09:47:15.2843+03
959,qrcodes/qr_959.png,,f,2025-04-22 09:47:15.292602+03
960,qrcodes/qr_960.png,,f,2025-04-22 09:47:15.300996+03
961,qrcodes/qr_961.png,,f,2025-04-22 09:47:15.309239+03
962,qrcodes/qr_962.png,,f,2025-04-22 09:47:15.318114+03
963,qrcodes/qr_963.png,,f,2025-04-22 09:47:15.326331+03
964,qrcodes/qr_964.png,,f,2025-04-22 09:47:15.334765+03
965,qrcodes/qr_965.png,,f,2025-04-22 09:47:15.343021+03
966,qrcodes/qr_966.png,,f,2025-04-22 09:47:15.3519+03
967,qrcodes/qr_967.png,,f,2025-04-22 09:47:15.360232+03
968,qrcodes/qr_968.png,,f,2025-04-22 09:47:15.36867+03
969,qrcodes/qr_969.png,,f,2025-04-22 09:47:15.377388+03
970,qrcodes/qr_970.png,,f,2025-04-22 09:47:15.385806+03
971,qrcodes/qr_971.png,,f,2025-04-22 09:47:15.394037+03
972,qrcodes/qr_972.png,,f,2025-04-22 09:47:15.402305+03
973,qrcodes/qr_973.png,,f,2025-04-22 09:47:15.411375+03
974,qrcodes/qr_974.png,,f,2025-04-22 09:47:15.420891+03
975,qrcodes/qr_975.png,,f,2025-04-22 09:47:15.429481+03
976,qrcodes/qr_976.png,,f,2025-04-22 09:47:15.438314+03
977,qrcodes/qr_977.png,,f,2025-04-22 09:47:15.446551+03
978,qrcodes/qr_978.png,,f,2025-04-22 09:47:15.454835+03
979,qrcodes/qr_979.png,,f,2025-04-22 09:47:15.463415+03
980,qrcodes/qr_980.png,,f,2025-04-22 09:47:15.472234+03
981,qrcodes/qr_981.png,,f,2025-04-22 09:47:15.480488+03
982,qrcodes/qr_982.png,,f,2025-04-22 09:47:15.488873+03
983,qrcodes/qr_983.png,,f,2025-04-22 09:47:15.49786+03
984,qrcodes/qr_984.png,,f,2025-04-22 09:47:15.506689+03
985,qrcodes/qr_985.png,,f,2025-04-22 09:47:15.514893+03
986,qrcodes/qr_986.png,,f,2025-04-22 09:47:15.523491+03
987,qrcodes/qr_987.png,,f,2025-04-22 09:47:15.532188+03
988,qrcodes/qr_988.png,,f,2025-04-22 09:47:15.540477+03
989,qrcodes/qr_989.png,,f,2025-04-22 09:47:15.5487+03
990,qrcodes/qr_990.png,,f,2025-04-22 09:47:15.557174+03
991,qrcodes/qr_991.png,,f,2025-04-22 09:47:15.566149+03
992,qrcodes/qr_992.png,,f,2025-04-22 09:47:15.57461+03
993,qrcodes/qr_993.png,,f,2025-04-22 09:47:15.583065+03
994,qrcodes/qr_994.png,,f,2025-04-22 09:47:15.592018+03
995,qrcodes/qr_995.png,,f,2025-04-22 09:47:15.600479+03
996,qrcodes/qr_996.png,,f,2025-04-22 09:47:15.608809+03
997,qrcodes/qr_997.png,,f,2025-04-22 09:47:15.617352+03
998,qrcodes/qr_998.png,,f,2025-04-22 09:47:15.62577+03
999,qrcodes/qr_999.png,,f,2025-04-22 09:47:15.634182+03
1000,qrcodes/qr_1000.png,,f,2025-04-22 09:47:15.642709+03
1,qrcodes/qr_1.png,1,t,2025-04-22 09:47:06.667432+03
2,qrcodes/qr_2.png,2,t,2025-04-22 09:47:06.67771+03
